timestamp,target_q_0,target_q_1,target_q_2,target_q_3,target_q_4,target_q_5,target_qd_0,target_qd_1,target_qd_2,target_qd_3,target_qd_4,target_qd_5,target_qdd_0,target_qdd_1,target_qdd_2,target_qdd_3,target_qdd_4,target_qdd_5,target_current_0,target_current_1,target_current_2,target_current_3,target_current_4,target_current_5,target_moment_0,target_moment_1,target_moment_2,target_moment_3,target_moment_4,target_moment_5,actual_q_0,actual_q_1,actual_q_2,actual_q_3,actual_q_4,actual_q_5,actual_qd_0,actual_qd_1,actual_qd_2,actual_qd_3,actual_qd_4,actual_qd_5,actual_current_0,actual_current_1,actual_current_2,actual_current_3,actual_current_4,actual_current_5,joint_control_output_0,joint_control_output_1,joint_control_output_2,joint_control_output_3,joint_control_output_4,joint_control_output_5,actual_TCP_pose_0,actual_TCP_pose_1,actual_TCP_pose_2,actual_TCP_pose_3,actual_TCP_pose_4,actual_TCP_pose_5,actual_TCP_speed_0,actual_TCP_speed_1,actual_TCP_speed_2,actual_TCP_speed_3,actual_TCP_speed_4,actual_TCP_speed_5,actual_TCP_force_0,actual_TCP_force_1,actual_TCP_force_2,actual_TCP_force_3,actual_TCP_force_4,actual_TCP_force_5,target_TCP_pose_0,target_TCP_pose_1,target_TCP_pose_2,target_TCP_pose_3,target_TCP_pose_4,target_TCP_pose_5,target_TCP_speed_0,target_TCP_speed_1,target_TCP_speed_2,target_TCP_speed_3,target_TCP_speed_4,target_TCP_speed_5,actual_digital_input_bits,joint_temperatures_0,joint_temperatures_1,joint_temperatures_2,joint_temperatures_3,joint_temperatures_4,joint_temperatures_5,actual_execution_time,robot_mode,joint_mode_0,joint_mode_1,joint_mode_2,joint_mode_3,joint_mode_4,joint_mode_5,safety_mode,actual_tool_accelerometer_0,actual_tool_accelerometer_1,actual_tool_accelerometer_2,speed_scaling,target_speed_fraction,actual_momentum,actual_main_voltage,actual_robot_voltage,actual_robot_current,actual_joint_voltage_0,actual_joint_voltage_1,actual_joint_voltage_2,actual_joint_voltage_3,actual_joint_voltage_4,actual_joint_voltage_5,actual_digital_output_bits,runtime_state,standard_analog_input0,standard_analog_input1,standard_analog_output0,standard_analog_output1,robot_status_bits,safety_status_bits,ft_raw_wrench_0,ft_raw_wrench_1,ft_raw_wrench_2,ft_raw_wrench_3,ft_raw_wrench_4,ft_raw_wrench_5,payload,payload_cog_0,payload_cog_1,payload_cog_2,payload_inertia_0,payload_inertia_1,payload_inertia_2,payload_inertia_3,payload_inertia_4,payload_inertia_5,output_int_register_2,output_int_register_12,output_int_register_13,output_int_register_14,output_int_register_15,output_int_register_16,output_int_register_17,output_int_register_18,output_int_register_19,output_double_register_12,output_double_register_13,output_double_register_14,output_double_register_15,output_double_register_16,output_double_register_17,output_double_register_18,output_double_register_19
6237.461000,2.792527,-1.082104,0.628319,-1.186824,-1.623156,2.338741,-0.000000,0.000000,0.000000,-0.000000,-0.000000,0.000000,0.000000,0.000000,0.000000,0.000000,0.000000,0.000000,0.000000,-3.414874,-1.657379,-0.215422,-0.003488,0.000000,0.000000,-37.867444,-18.451311,-1.861655,-0.029304,0.000000,2.792529,-1.082122,0.628314,-1.186830,-1.623157,2.338747,0.000000,0.000000,-0.000000,0.000000,0.000000,0.000000,-0.224714,-3.186505,-1.504982,-0.253317,-0.050463,0.014504,0.000000,-3.414874,-1.657379,-0.215422,-0.003488,0.000000,0.662838,-0.104858,0.617486,1.624496,2.594325,-0.058549,0.000000,0.000000,0.000000,0.000000,0.000000,0.000000,-2.273149,-8.817871,-1.131319,0.179846,-0.027911,-0.134761,0.662845,-0.104862,0.617472,1.624506,2.594352,-0.058558,0.000000,-0.000000,0.000000,-0.000000,-0.000000,-0.000000,0,30.500000,32.500000,30.750000,35.500000,38.250000,39.250000,0.785749,7,253,253,253,253,253,253,1,-0.766145,0.134075,-9.615114,1.000000,1.000000,0.000000,47.735245,47.756741,0.377099,47.541931,47.642262,47.556267,47.455936,47.384270,47.541931,0,2,-0.000000,-0.000000,0.004000,0.004000,3,1,2067.161322,826.439584,26129.518216,1.562462,-53.515573,25.050722,0.000000,0.000000,0.000000,0.000000,0.000000,0.000000,0.000000,0.000000,0.000000,0.000000,65536,0,0,0,0,0,0,0,0,0.000000,0.000000,0.000000,0.000000,0.000000,0.000000,0.000000,0.000000
6237.511000,2.785191,-1.082288,0.630385,-1.188798,-1.622881,2.338741,-0.738806,-0.018498,0.208101,-0.198852,0.027747,0.000000,-39.339264,-0.984959,11.080789,-10.588310,1.477439,-0.000000,-13.487886,-4.210622,1.285762,-0.730361,0.140168,0.000454,-149.970330,-12.761899,11.619857,-3.742707,-1.178221,0.007843,2.784060,-1.082580,0.630363,-1.188720,-1.622847,2.338743,-0.767042,-0.050639,0.185572,-0.196893,0.029511,0.000000,-11.340642,-1.661471,2.002885,-0.652142,-0.017440,0.023409,-13.487886,-4.210622,1.285762,-0.730361,0.140168,0.000454,0.662057,-0.110482,0.617047,1.635417,2.587376,-0.058509,-0.074506,-0.508443,-0.031100,0.005840,-0.068324,-0.764558,-0.204726,1.049668,0.186145,0.088452,0.033258,-0.133438,0.662314,-0.109786,0.616853,1.634052,2.588476,-0.058568,-0.055416,-0.495834,-0.062421,0.022649,-0.018301,-0.736397,0,30.500000,32.500000,30.750000,35.500000,38.250000,39.250000,0.837888,7,253,253,253,253,253,253,1,-34.208355,-19.785683,-3.275268,0.991847,1.000000,3.138184,47.549854,47.553440,2.740415,47.068951,47.197945,47.126282,47.011620,46.968620,47.126282,0,2,-0.000000,-0.000000,0.004000,0.004000,3,1,2074.993113,832.616294,26127.565945,1.657669,-53.571009,25.040457,0.000000,0.000000,0.000000,0.000000,0.000000,0.000000,0.000000,0.000000,0.000000,0.000000,65536,0,0,0,0,0,0,0,0,0.000000,0.000000,0.000000,0.000000,0.000000,0.000000,0.000000,0.000000
6237.561000,2.704040,-1.084320,0.653243,-1.210640,-1.619833,2.338741,-1.977383,-0.049509,0.556974,-0.532220,0.074263,0.000000,0.171601,0.004296,-0.048335,0.046187,-0.006445,-0.000000,-3.728125,-2.699067,-0.390440,-0.530480,0.079800,0.000610,0.087046,-44.845866,-20.302914,-1.728970,-0.066977,-0.000034,2.702948,-1.083936,0.652997,-1.210242,-1.619968,2.338719,-1.927807,-0.023602,0.573359,-0.508047,0.070130,0.000000,-2.410351,-4.373191,-1.150127,-0.642721,0.142218,0.016608,-3.728125,-2.699067,-0.390440,-0.530480,0.079800,0.000610,0.653841,-0.164798,0.609777,1.739805,2.520597,-0.059071,-0.244667,-1.286708,-0.196147,0.080899,0.008125,-1.921613,-2.338849,-8.926077,-2.594192,0.201134,-0.037492,-0.117951,0.653919,-0.164022,0.609959,1.738171,2.521091,-0.058655,-0.260622,-1.314395,-0.168849,0.056471,-0.053740,-1.970857,0,30.500000,32.500000,30.750000,35.500000,38.250000,39.250000,0.801636,7,253,253,253,253,253,253,1,2.604891,-0.689530,-11.645397,0.751811,1.000000,8.820680,47.814056,47.812267,1.840745,47.484600,47.584930,47.498932,47.384270,47.341274,47.498932,0,2,-0.000000,-0.000000,0.004000,0.004000,3,1,2066.705603,826.954534,26131.004347,1.557949,-53.490501,25.034758,0.000000,0.000000,0.000000,0.000000,0.000000,0.000000,0.000000,0.000000,0.000000,0.000000,65536,0,0,0,0,0,0,0,0,0.000000,0.000000,0.000000,0.000000,0.000000,0.000000,0.000000,0.000000
6237.611000,2.604508,-1.086812,0.681278,-1.237430,-1.616095,2.338741,-1.969292,-0.049306,0.554695,-0.530042,0.073959,0.000000,0.153051,0.003832,-0.043110,0.041194,-0.005748,-0.000000,-1.397344,-4.812925,-0.906788,-0.557761,0.196724,-0.000004,0.067564,-44.813110,-20.382013,-1.732429,-0.064113,-0.000030,2.600999,-1.086797,0.680775,-1.237146,-1.616270,2.338735,-1.956780,-0.052980,0.555492,-0.538798,0.070488,0.000000,1.196937,-4.475070,-0.687498,-0.391632,0.337427,0.031467,-1.397344,-4.812925,-0.906788,-0.557761,0.196724,-0.000004,0.636505,-0.231741,0.601604,1.866125,2.429197,-0.059148,-0.397281,-1.270725,-0.167169,0.041507,-0.067224,-1.950410,-4.124473,-11.591655,-0.793730,0.203804,-0.067340,-0.130608,0.637368,-0.229516,0.601407,1.861953,2.432603,-0.058711,-0.394961,-1.280235,-0.170228,0.050669,-0.058854,-1.962698,0,30.500000,32.500000,30.750000,35.500000,38.250000,39.250000,0.798109,7,253,253,253,253,253,253,1,12.698845,3.983952,-7.546524,0.589327,1.000000,8.597439,47.929592,47.954666,0.003354,47.799923,47.900253,47.799923,47.699593,47.599262,47.771255,0,2,-0.000000,-0.000000,0.004000,0.004000,3,1,2063.933332,825.342190,26129.376579,1.547583,-53.486385,25.048991,0.000000,0.000000,0.000000,0.000000,0.000000,0.000000,0.000000,0.000000,0.000000,0.000000,65536,0,0,0,0,0,0,0,0,0.000000,0.000000,0.000000,0.000000,0.000000,0.000000,0.000000,0.000000
6237.661000,2.506210,-1.089273,0.708966,-1.263887,-1.612403,2.338741,-1.962019,-0.049124,0.552647,-0.528085,0.073686,0.000000,0.138487,0.003467,-0.039008,0.037274,-0.005201,-0.000000,-1.396132,-4.809428,-0.913672,-0.557692,0.197023,-0.000003,0.062895,-44.778286,-20.453493,-1.734883,-0.061071,-0.000027,2.505709,-1.089292,0.708605,-1.263523,-1.612383,2.338742,-1.925463,-0.052541,0.556242,-0.533857,0.072408,0.000000,-1.321978,-4.314576,-1.026961,-0.517658,0.242942,0.030985,-1.396132,-4.809428,-0.913672,-0.557692,0.197023,-0.000003,0.614188,-0.292686,0.593006,1.980242,2.338610,-0.058736,-0.513830,-1.210002,-0.170282,0.040127,-0.067086,-1.918884,-3.631993,-7.419768,-1.734738,0.176661,-0.058161,-0.128975,0.614383,-0.292416,0.592862,1.979658,2.339111,-0.058739,-0.523365,-1.233112,-0.171520,0.044507,-0.063319,-1.955356,0,30.500000,32.500000,30.750000,35.500000,38.250000,39.250000,0.825180,7,253,253,253,253,253,253,1,1.302446,-1.493982,-10.860099,0.587151,1.000000,8.581885,47.815849,47.825703,1.111163,47.570599,47.656593,47.599262,47.470268,47.427269,47.570599,0,2,-0.000000,-0.000000,0.004000,0.004000,3,1,2067.410425,827.481777,26130.030086,1.578051,-53.501634,25.044889,0.000000,0.000000,0.000000,0.000000,0.000000,0.000000,0.000000,0.000000,0.000000,0.000000,65536,0,0,0,0,0,0,0,0,0.000000,0.000000,0.000000,0.000000,0.000000,0.000000,0.000000,0.000000
6237.711000,2.408258,-1.091725,0.736556,-1.290251,-1.608724,2.338741,-1.955465,-0.048960,0.550801,-0.526321,0.073440,0.000000,0.124261,0.003111,-0.035001,0.033445,-0.004667,-0.000000,-1.395024,-4.805648,-0.919591,-0.557664,0.197319,-0.000003,0.059046,-44.740093,-20.514706,-1.737344,-0.058094,-0.000025,2.409421,-1.091770,0.736228,-1.289804,-1.608781,2.338775,-1.950043,-0.047251,0.555467,-0.519904,0.075687,0.000000,-1.926375,-4.667638,-1.093743,-0.622558,0.203926,0.017763,-1.395024,-4.805648,-0.919591,-0.557664,0.197319,-0.000003,0.585472,-0.351915,0.584392,2.090924,2.241372,-0.058788,-0.641961,-1.171001,-0.176771,0.048290,-0.059093,-1.943155,-4.796556,-6.506407,-2.337386,0.157721,-0.078705,-0.126886,0.585122,-0.352641,0.584253,2.092153,2.240156,-0.058767,-0.645776,-1.173436,-0.172739,0.037997,-0.067157,-1.948733,0,30.500000,32.500000,30.750000,35.500000,38.250000,39.250000,0.866940,7,253,253,253,253,253,253,1,-3.256114,-2.930503,-11.875240,0.585815,1.000000,8.565363,47.795250,47.811371,1.292441,47.513268,47.613598,47.527599,47.412937,47.369938,47.498932,0,2,-0.000000,-0.000000,0.004000,0.004000,3,1,2068.010783,827.023344,26130.547382,1.574563,-53.514752,25.043166,0.000000,0.000000,0.000000,0.000000,0.000000,0.000000,0.000000,0.000000,0.000000,0.000000,65536,0,0,0,0,0,0,0,0,0.000000,0.000000,0.000000,0.000000,0.000000,0.000000,0.000000,0.000000
6237.761000,2.310614,-1.094170,0.764060,-1.316532,-1.605057,2.338741,-1.949614,-0.048814,0.549153,-0.524746,0.073220,0.000000,0.110330,0.002762,-0.031077,0.029696,-0.004144,-0.000000,-1.394041,-4.801402,-0.924513,-0.557689,0.197609,-0.000003,0.055687,-44.697623,-20.565269,-1.739967,-0.055237,-0.000022,2.311582,-1.094157,0.763705,-1.316168,-1.605102,2.338727,-1.947441,-0.045706,0.548053,-0.522042,0.075710,0.000000,-1.552400,-4.691892,-0.881649,-0.507476,0.176913,0.005779,-1.394041,-4.801402,-0.924513,-0.557689,0.197609,-0.000003,0.550277,-0.409026,0.575708,2.198199,2.137091,-0.058837,-0.758148,-1.102047,-0.175729,0.036416,-0.068967,-1.940455,-6.365840,-6.937580,-2.047822,0.149410,-0.100393,-0.129082,0.549912,-0.409585,0.575586,2.199241,2.136011,-0.058824,-0.761055,-1.101952,-0.173887,0.031196,-0.070346,-1.942813,0,30.500000,32.500000,30.750000,35.500000,38.250000,39.250000,0.808945,7,253,253,253,253,253,253,1,-1.723825,-0.919373,-9.691729,0.583439,1.000000,8.553378,47.804207,47.810478,1.052973,47.527599,47.642262,47.556267,47.441601,47.384270,47.541931,0,2,-0.000000,-0.000000,0.004000,0.004000,3,1,2067.024587,826.082829,26130.281629,1.567735,-53.514926,25.046289,0.000000,0.000000,0.000000,0.000000,0.000000,0.000000,0.000000,0.000000,0.000000,0.000000,65536,0,0,0,0,0,0,0,0,0.000000,0.000000,0.000000,0.000000,0.000000,0.000000,0.000000,0.000000
6237.811000,2.213247,-1.096608,0.791486,-1.342739,-1.601401,2.338741,-1.944453,-0.048684,0.547699,-0.523357,0.073027,0.000000,0.096745,0.002422,-0.027250,0.026039,-0.003633,-0.000000,-1.393162,-4.795865,-0.928384,-0.557716,0.197907,-0.000002,0.053186,-44.641769,-20.604759,-1.742351,-0.052340,-0.000020,2.214198,-1.096615,0.791198,-1.342487,-1.601380,2.338766,-1.944113,-0.049661,0.547806,-0.512800,0.074910,0.000000,-1.296113,-4.430354,-0.916569,-0.673471,0.175766,0.000520,-1.393162,-4.795865,-0.928384,-0.557716,0.197907,-0.000002,0.509559,-0.462163,0.566979,2.299748,2.027980,-0.058852,-0.867596,-1.018960,-0.175477,0.033107,-0.068533,-1.937113,-6.294579,-6.311662,-1.698984,0.151894,-0.113807,-0.131097,0.509138,-0.462675,0.566863,2.300733,2.026956,-0.058936,-0.868142,-1.019498,-0.174966,0.024164,-0.072870,-1.937582,0,30.500000,32.500000,30.750000,35.500000,38.250000,39.250000,0.840204,7,253,253,253,253,253,253,1,-2.049437,0.459687,-12.066776,0.581894,1.000000,8.540369,47.800625,47.826595,1.037306,47.498932,47.627930,47.584930,47.427269,47.384270,47.556267,0,2,-0.000000,-0.000000,0.004000,0.004000,3,1,2067.053970,826.790167,26129.917188,1.569781,-53.502654,25.048901,0.000000,0.000000,0.000000,0.000000,0.000000,0.000000,0.000000,0.000000,0.000000,0.000000,65536,0,0,0,0,0,0,0,0,0.000000,0.000000,0.000000,0.000000,0.000000,0.000000,0.000000,0.000000
6237.861000,2.116116,-1.099040,0.818845,-1.368882,-1.597753,2.338741,-1.939971,-0.048572,0.546436,-0.522150,0.072858,0.000000,0.083197,0.002083,-0.023434,0.022393,-0.003125,-0.000000,-1.392256,-4.789540,-0.931287,-0.557785,0.198211,-0.000002,0.050468,-44.576840,-20.633410,-1.744835,-0.049469,-0.000017,2.117041,-1.099057,0.818643,-1.368740,-1.597731,2.338731,-1.941383,-0.054525,0.546073,-0.512356,0.074946,0.000000,-1.193610,-4.184283,-0.789039,-0.625271,0.194724,0.015380,-1.392256,-4.789540,-0.931287,-0.557785,0.198211,-0.000002,0.463694,-0.510939,0.558180,2.395491,1.914326,-0.059055,-0.967401,-0.925664,-0.172815,0.021081,-0.074666,-1.934295,-5.772347,-6.566682,-1.083880,0.145842,-0.119116,-0.136488,0.463232,-0.511388,0.558087,2.396458,1.913266,-0.059127,-0.966078,-0.926989,-0.175980,0.016961,-0.074716,-1.933027,0,30.500000,32.500000,30.750000,35.500000,38.250000,39.250000,0.803688,7,253,253,253,253,253,253,1,0.497994,-2.585738,-9.423578,0.580553,1.000000,8.528155,47.801517,47.805099,0.945552,47.541931,47.670929,47.541931,47.455936,47.427269,47.541931,0,2,-0.000000,-0.000000,0.004000,0.004000,3,1,2066.374050,828.069414,26129.365479,1.579716,-53.499666,25.054061,0.000000,0.000000,0.000000,0.000000,0.000000,0.000000,0.000000,0.000000,0.000000,0.000000,65536,0,0,0,0,0,0,0,0,0.000000,0.000000,0.000000,0.000000,0.000000,0.000000,0.000000,0.000000
6237.911000,2.019199,-1.101466,0.846144,-1.394968,-1.594113,2.338741,-1.936156,-0.048477,0.545362,-0.521124,0.072715,0.000000,0.069917,0.001751,-0.019694,0.018818,-0.002626,-0.000000,-1.391710,-4.782285,-0.933160,-0.557886,0.198509,-0.000002,0.048342,-44.503280,-20.651144,-1.747270,-0.046676,-0.000014,2.020072,-1.101470,0.845817,-1.394803,-1.594168,2.338743,-1.930842,-0.048846,0.548781,-0.530879,0.072143,0.000000,-1.753584,-4.520297,-1.073405,-0.461582,0.199453,0.023301,-1.391710,-4.782285,-0.933160,-0.557886,0.198509,-0.000002,0.413149,-0.554867,0.549406,2.485327,1.796213,-0.059497,-1.049970,-0.824898,-0.177278,0.003427,-0.078272,-1.923841,-6.879431,-6.960836,-0.419261,0.135240,-0.140070,-0.127098,0.412678,-0.555242,0.549262,2.486244,1.795236,-0.059422,-1.053982,-0.825423,-0.176928,0.009648,-0.075878,-1.929140,0,30.500000,32.500000,30.750000,35.500000,38.250000,39.250000,0.848929,7,253,253,253,253,253,253,1,2.853889,-5.190629,-6.531383,0.579411,1.000000,8.516719,47.804207,47.835552,1.048496,47.527599,47.584930,47.556267,47.412937,47.384270,47.498932,0,2,-0.000000,-0.000000,0.004000,0.004000,3,1,2065.230796,827.915475,26128.752418,1.572154,-53.495926,25.045792,0.000000,0.000000,0.000000,0.000000,0.000000,0.000000,0.000000,0.000000,0.000000,0.000000,65536,0,0,0,0,0,0,0,0,0.000000,0.000000,0.000000,0.000000,0.000000,0.000000,0.000000,0.000000
6237.961000,1.922450,-1.103889,0.873395,-1.421008,-1.590479,2.338741,-1.933002,-0.048398,0.544473,-0.520275,0.072596,0.000000,0.056779,0.001422,-0.015993,0.015282,-0.002132,-0.000000,-1.391084,-4.774289,-0.933988,-0.557970,0.198808,-0.000001,0.046688,-44.421582,-20.657657,-1.749281,-0.043938,-0.000012,1.923438,-1.103855,0.873058,-1.420537,-1.590514,2.338719,-1.929798,-0.049194,0.547542,-0.519331,0.067127,0.000000,-1.702134,-4.454738,-1.117519,-0.547829,0.281531,0.026108,-1.391084,-4.774289,-0.933988,-0.557970,0.198808,-0.000001,0.358565,-0.593433,0.540483,2.569231,1.674516,-0.059788,-1.129061,-0.715662,-0.178850,0.003490,-0.070122,-1.923161,-9.789103,-3.938632,-2.400128,0.090594,-0.163530,-0.126242,0.357992,-0.593814,0.540391,2.569948,1.673135,-0.059845,-1.131095,-0.715846,-0.177814,0.002282,-0.076352,-1.925912,0,30.500000,32.500000,30.750000,35.500000,38.250000,39.250000,0.792720,7,253,253,253,253,253,253,1,1.589750,0.421380,-11.415554,0.578467,1.000000,8.506039,47.815849,47.812267,1.173825,47.513268,47.599262,47.556267,47.441601,47.369938,47.513268,0,2,-0.000000,-0.000000,0.004000,0.004000,3,1,2066.573713,824.812259,26130.483590,1.549274,-53.519727,25.046009,0.000000,0.000000,0.000000,0.000000,0.000000,0.000000,0.000000,0.000000,0.000000,0.000000,65536,0,0,0,0,0,0,0,0,0.000000,0.000000,0.000000,0.000000,0.000000,0.000000,0.000000,0.000000
6238.011000,1.825840,-1.106308,0.900608,-1.447011,-1.586851,2.338741,-1.930501,-0.048335,0.543769,-0.519602,0.072503,0.000000,0.043864,0.001098,-0.012355,0.011806,-0.001647,-0.000000,-1.390726,-4.765339,-0.933807,-0.558093,0.199113,-0.000001,0.045775,-44.329491,-20.653298,-1.751341,-0.041183,-0.000009,1.826811,-1.106299,0.900349,-1.446489,-1.586943,2.338750,-1.934223,-0.050080,0.543138,-0.517379,0.068135,0.000000,-1.388122,-4.430156,-0.900564,-0.572601,0.319412,0.010857,-1.390726,-4.765339,-0.933807,-0.558093,0.199113,-0.000001,0.300320,-0.626400,0.531542,2.646914,1.548662,-0.060390,-1.199042,-0.600957,-0.177361,-0.006256,-0.071973,-1.927440,-9.026145,-2.321993,-2.879402,0.086319,-0.167234,-0.117814,0.299732,-0.626729,0.531477,2.647425,1.547255,-0.060418,-1.196743,-0.599370,-0.178639,-0.005077,-0.076140,-1.923337,0,30.500000,32.500000,30.750000,35.500000,38.250000,39.250000,0.831325,7,253,253,253,253,253,253,1,0.440533,1.321599,-12.603078,0.577719,1.000000,8.496099,47.820328,47.817638,0.985834,47.541931,47.627930,47.556267,47.441601,47.384270,47.513268,0,2,-0.000000,-0.000000,0.004000,0.004000,3,1,2067.705607,825.412210,26130.872674,1.557858,-53.511449,25.037599,0.000000,0.000000,0.000000,0.000000,0.000000,0.000000,0.000000,0.000000,0.000000,0.000000,65536,0,0,0,0,0,0,0,0,0.000000,0.000000,0.000000,0.000000,0.000000,0.000000,0.000000,0.000000
6238.061000,1.729340,-1.108724,0.927789,-1.472985,-1.583227,2.338741,-1.928651,-0.048289,0.543248,-0.519104,0.072433,0.000000,0.030772,0.000770,-0.008668,0.008282,-0.001156,-0.000000,-1.390431,-4.755277,-0.932599,-0.558262,0.199422,-0.000001,0.043776,-44.226176,-20.637961,-1.753627,-0.038454,-0.000007,1.730328,-1.108726,0.927469,-1.472694,-1.583297,2.338731,-1.928035,-0.049359,0.542515,-0.503134,0.069215,0.000000,-1.404379,-4.439360,-0.984129,-0.692874,0.334480,0.024839,-1.390431,-4.755277,-0.932599,-0.558262,0.199422,-0.000001,0.239123,-0.653415,0.522652,2.717810,1.419226,-0.061222,-1.250053,-0.476538,-0.180014,0.001178,-0.069830,-1.921089,-9.670485,-1.815265,-2.949332,0.067834,-0.177799,-0.129488,0.238487,-0.653671,0.522524,2.718540,1.417888,-0.061162,-1.250363,-0.477158,-0.179403,-0.012369,-0.075248,-1.921410,0,30.500000,32.500000,30.750000,35.500000,38.250000,39.250000,0.798180,7,253,253,253,253,253,253,1,-0.172383,3.083732,-15.361198,0.577165,1.000000,8.508824,47.807789,47.804207,1.032829,47.513268,47.627930,47.527599,47.412937,47.384270,47.498932,0,2,-0.000000,-0.000000,0.004000,0.004000,3,1,2067.133464,825.222413,26130.939850,1.554727,-53.512338,25.049909,0.000000,0.000000,0.000000,0.000000,0.000000,0.000000,0.000000,0.000000,0.000000,0.000000,65536,0,0,0,0,0,0,0,0,0.000000,0.000000,0.000000,0.000000,0.000000,0.000000,0.000000,0.000000
6238.111000,1.632924,-1.111138,0.954947,-1.498935,-1.579606,2.338741,-1.927447,-0.048259,0.542909,-0.518780,0.072388,0.000000,0.017867,0.000447,-0.005033,0.004809,-0.000671,-0.000000,-1.390231,-4.744676,-0.930386,-0.558451,0.199730,-0.000001,0.043007,-44.116662,-20.611407,-1.755742,-0.035769,-0.000004,1.633925,-1.111138,0.954679,-1.498753,-1.579756,2.338766,-1.929469,-0.047321,0.540637,-0.509573,0.070131,0.000000,-1.367979,-4.517394,-0.765048,-0.667597,0.325981,0.013175,-1.390231,-4.744676,-0.930386,-0.558451,0.199730,-0.000001,0.175537,-0.674197,0.513648,2.782500,1.286659,-0.062300,-1.292744,-0.351662,-0.180607,-0.011751,-0.070956,-1.922351,-10.017528,-2.868099,-1.686607,0.063906,-0.188733,-0.134101,0.174878,-0.674380,0.513534,2.783170,1.285332,-0.062098,-1.291496,-0.350417,-0.180109,-0.019537,-0.073685,-1.920129,0,30.500000,32.500000,30.750000,35.500000,38.250000,39.250000,0.830700,7,253,253,253,253,253,253,1,3.045425,1.359907,-12.660539,0.578408,1.000000,8.472889,47.823914,47.840923,0.916454,47.527599,47.656593,47.570599,47.441601,47.412937,47.556267,0,2,-0.000000,-0.000000,0.004000,0.004000,3,1,2065.386273,826.389351,26129.817974,1.559453,-53.499344,25.055246,0.000000,0.000000,0.000000,0.000000,0.000000,0.000000,0.000000,0.000000,0.000000,0.000000,65536,0,0,0,0,0,0,0,0,0.000000,0.000000,0.000000,0.000000,0.000000,0.000000,0.000000,0.000000
6238.161000,1.536538,-1.113551,0.982096,-1.524878,-1.575986,2.338741,-1.926889,-0.048245,0.542752,-0.518629,0.072367,0.000000,0.004947,0.000124,-0.001393,0.001331,-0.000186,-0.000000,-1.390193,-4.733111,-0.927141,-0.558680,0.200043,-0.000000,0.042031,-43.997497,-20.573821,-1.757970,-0.033103,-0.000002,1.537536,-1.113532,0.981809,-1.524800,-1.576106,2.338747,-1.932757,-0.048255,0.541522,-0.518983,0.069595,0.000000,-1.033792,-4.405447,-0.962012,-0.595589,0.335654,0.007809,-1.390193,-4.733111,-0.927141,-0.558680,0.200043,-0.000000,0.110195,-0.688565,0.504630,2.840511,1.151191,-0.063470,-1.323927,-0.222403,-0.180092,-0.027958,-0.068678,-1.925584,-11.118645,-3.150376,-0.547757,0.057284,-0.195219,-0.132100,0.109521,-0.688664,0.504509,2.841217,1.149847,-0.063245,-1.319806,-0.220345,-0.180756,-0.026527,-0.071466,-1.919492,0,30.500000,32.500000,30.750000,35.500000,38.250000,39.250000,0.850165,7,253,253,253,253,253,253,1,7.967903,0.440533,-10.381258,0.576638,1.000000,8.470578,47.814957,47.825703,0.972403,47.541931,47.670929,47.570599,47.455936,47.412937,47.541931,0,2,-0.000000,-0.000000,0.004000,0.004000,3,1,2063.805132,826.730750,26128.765413,1.566583,-53.490597,25.053670,0.000000,0.000000,0.000000,0.000000,0.000000,0.000000,0.000000,0.000000,0.000000,0.000000,65536,0,0,0,0,0,0,0,0,0.000000,0.000000,0.000000,0.000000,0.000000,0.000000,0.000000,0.000000
6238.211000,1.440163,-1.115964,1.009242,-1.550818,-1.572366,2.338741,-1.926979,-0.048247,0.542777,-0.518654,0.072370,0.000000,-0.008007,-0.000200,0.002255,-0.002155,0.000301,0.000000,-1.390275,-4.720558,-0.922787,-0.558910,0.200362,0.000000,0.041271,-43.868086,-20.524520,-1.759922,-0.030428,0.000000,1.441164,-1.115972,1.009032,-1.550542,-1.572435,2.338735,-1.931206,-0.049415,0.544741,-0.529330,0.069001,0.000000,-1.014112,-4.341714,-1.053325,-0.479304,0.349647,0.008961,-1.390275,-4.720558,-0.922787,-0.558910,0.200362,0.000000,0.043765,-0.696325,0.495534,2.892121,1.013213,-0.064619,-1.338271,-0.090196,-0.180367,-0.042580,-0.064046,-1.924005,-10.961370,-1.416242,-1.123683,0.035087,-0.199683,-0.131584,0.043073,-0.696387,0.495454,2.892571,1.011741,-0.064621,-1.335053,-0.088206,-0.181347,-0.033281,-0.068609,-1.919500,0,30.500000,32.500000,30.750000,35.500000,38.250000,39.250000,0.807168,7,253,253,253,253,253,253,1,9.576807,0.727837,-8.963891,0.576665,1.000000,8.463468,47.830177,47.836445,0.896316,47.556267,47.670929,47.570599,47.455936,47.398605,47.570599,0,2,-0.000000,-0.000000,0.004000,0.004000,3,1,2064.559958,826.435636,26129.239955,1.563762,-53.493065,25.053601,0.000000,0.000000,0.000000,0.000000,0.000000,0.000000,0.000000,0.000000,0.000000,0.000000,65536,0,0,0,0,0,0,0,0,0.000000,0.000000,0.000000,0.000000,0.000000,0.000000,0.000000,0.000000
6238.261000,1.343764,-1.118378,1.036395,-1.576764,-1.568746,2.338741,-1.927718,-0.048265,0.542985,-0.518852,0.072398,0.000000,-0.021029,-0.000527,0.005923,-0.005660,0.000790,0.000000,-1.390522,-4.707178,-0.917408,-0.559168,0.200687,0.000000,0.040325,-43.729337,-20.463933,-1.761831,-0.027746,0.000003,1.344793,-1.118354,1.036087,-1.576436,-1.568684,2.338727,-1.932711,-0.049497,0.542016,-0.526755,0.066921,0.000000,-1.269744,-4.308033,-0.790693,-0.429998,0.330948,0.000029,-1.390522,-4.707178,-0.917408,-0.559168,0.200687,0.000000,-0.023086,-0.697496,0.486472,2.936676,0.872834,-0.066069,-1.341263,0.043170,-0.179694,-0.048310,-0.057603,-1.925622,-9.276228,0.315818,-1.439132,0.013491,-0.195709,-0.131956,-0.023810,-0.697474,0.486370,2.937142,0.871302,-0.066244,-1.337113,0.044739,-0.181881,-0.039746,-0.065135,-1.920156,0,30.500000,32.500000,30.750000,35.500000,38.250000,39.250000,0.836976,7,253,253,253,253,253,253,1,6.224925,0.459687,-8.887277,0.576886,1.000000,8.457043,47.822117,47.826595,0.990311,47.513268,47.627930,47.570599,47.470268,47.412937,47.541931,0,2,-0.000000,-0.000000,0.004000,0.004000,3,1,2066.420627,826.810877,26129.425002,1.565011,-53.500129,25.053910,0.000000,0.000000,0.000000,0.000000,0.000000,0.000000,0.000000,0.000000,0.000000,0.000000,65536,0,0,0,0,0,0,0,0,0.000000,0.000000,0.000000,0.000000,0.000000,0.000000,0.000000,0.000000
6238.311000,1.247308,-1.120793,1.063564,-1.602725,-1.565123,2.338741,-1.929110,-0.048300,0.543377,-0.519227,0.072450,0.000000,-0.034150,-0.000855,0.009619,-0.009191,0.001283,-0.000000,-1.390964,-4.692705,-0.910972,-0.559462,0.201020,0.000001,0.039234,-43.579557,-20.392060,-1.763792,-0.025053,0.000005,1.248345,-1.120778,1.063177,-1.602298,-1.565154,2.338747,-1.931761,-0.047661,0.544444,-0.522886,0.072137,0.000000,-1.348616,-4.515713,-1.076285,-0.507473,0.267172,0.016330,-1.390964,-4.692705,-0.910972,-0.559462,0.201020,0.000001,-0.089752,-0.692004,0.477397,2.974510,0.730362,-0.068063,-1.328172,0.175597,-0.182930,-0.047562,-0.060208,-1.924139,-8.389553,1.388055,-2.148295,-0.006506,-0.186073,-0.125485,-0.090469,-0.691918,0.477260,2.974846,0.728822,-0.068128,-1.325974,0.177228,-0.182358,-0.045871,-0.061072,-1.921464,0,30.500000,32.500000,30.750000,35.500000,38.250000,39.250000,0.810109,7,253,253,253,253,253,253,1,2.164358,-0.766145,-9.959879,0.577303,1.000000,8.453951,47.820328,47.831970,0.813511,47.498932,47.642262,47.556267,47.441601,47.398605,47.541931,0,2,-0.000000,-0.000000,0.004000,0.004000,3,1,2067.261656,826.969569,26130.065166,1.567888,-53.509512,25.047038,0.000000,0.000000,0.000000,0.000000,0.000000,0.000000,0.000000,0.000000,0.000000,0.000000,65536,0,0,0,0,0,0,0,0,0.000000,0.000000,0.000000,0.000000,0.000000,0.000000,0.000000,0.000000
6238.361000,1.150762,-1.123210,1.090758,-1.628711,-1.561498,2.338741,-1.931163,-0.048352,0.543956,-0.519780,0.072527,0.000000,-0.047570,-0.001191,0.013399,-0.012804,0.001787,-0.000000,-1.391446,-4.677302,-0.903482,-0.559788,0.201347,0.000001,0.037564,-43.419370,-20.308272,-1.765763,-0.022472,0.000008,1.151798,-1.123128,1.090431,-1.628338,-1.561508,2.338750,-1.933853,-0.050803,0.543924,-0.516332,0.074981,0.000000,-1.187767,-4.281858,-0.833562,-0.568821,0.249008,0.012119,-1.391446,-4.677302,-0.903482,-0.559788,0.201347,0.000001,-0.155548,-0.679949,0.468195,3.005397,0.586149,-0.070132,-1.303281,0.307906,-0.181455,-0.051656,-0.059124,-1.925916,-8.816074,2.656764,-2.166287,-0.023347,-0.185352,-0.126556,-0.156244,-0.679773,0.468127,3.005609,0.584592,-0.070290,-1.301736,0.307997,-0.182781,-0.051604,-0.056448,-1.923430,0,30.500000,32.500000,30.750000,35.500000,38.250000,39.250000,0.828972,7,253,253,253,253,253,253,1,1.091756,0.076614,-11.166557,0.578013,1.000000,8.445529,47.820328,47.824806,0.943311,47.541931,47.642262,47.570599,47.441601,47.412937,47.541931,0,2,-0.000000,-0.000000,0.004000,0.004000,3,1,2066.874567,826.296106,26130.031030,1.568262,-53.508891,25.048519,0.000000,0.000000,0.000000,0.000000,0.000000,0.000000,0.000000,0.000000,0.000000,0.000000,65536,0,0,0,0,0,0,0,0,0.000000,0.000000,0.000000,0.000000,0.000000,0.000000,0.000000,0.000000
6238.411000,1.054089,-1.125630,1.117989,-1.654731,-1.557867,2.338741,-1.933884,-0.048420,0.544722,-0.520512,0.072630,0.000000,-0.060789,-0.001522,0.017123,-0.016362,0.002283,-0.000000,-1.392162,-4.661067,-0.894832,-0.560140,0.201686,0.000001,0.037291,-43.251064,-20.212797,-1.767704,-0.019814,0.000011,1.055131,-1.125631,1.117709,-1.654516,-1.557877,2.338762,-1.934026,-0.049255,0.543502,-0.514335,0.076182,0.000000,-1.283013,-4.410919,-0.931824,-0.619219,0.249110,0.019385,-1.392162,-4.661067,-0.894832,-0.560140,0.201686,0.000001,-0.219803,-0.661386,0.459091,3.029071,0.440431,-0.072749,-1.264540,0.434910,-0.182630,-0.054997,-0.056461,-1.925886,-7.924706,3.067599,-1.898857,-0.033455,-0.171534,-0.118897,-0.220489,-0.661153,0.458974,3.029366,0.438896,-0.072742,-1.264609,0.435803,-0.183147,-0.056899,-0.051297,-1.926062,0,30.500000,32.500000,30.750000,35.500000,38.250000,39.250000,0.813732,7,253,253,253,253,253,253,1,-1.321599,0.076614,-11.434708,0.578731,1.000000,8.477443,47.786293,47.784504,0.950024,47.484600,47.570599,47.527599,47.398605,47.341274,47.498932,0,2,-0.000000,-0.000000,0.004000,0.004000,3,1,2067.300467,826.877712,26129.747847,1.577812,-53.516827,25.040129,0.000000,0.000000,0.000000,0.000000,0.000000,0.000000,0.000000,0.000000,0.000000,0.000000,65536,0,0,0,0,0,0,0,0,0.000000,0.000000,0.000000,0.000000,0.000000,0.000000,0.000000,0.000000
6238.461000,0.957273,-1.128054,1.145259,-1.680789,-1.554231,2.338741,-1.937284,-0.048505,0.545680,-0.521427,0.072757,0.000000,-0.074689,-0.001870,0.021038,-0.020103,0.002805,-0.000000,-1.393042,-4.643882,-0.885106,-0.560525,0.202022,0.000002,0.034961,-43.072524,-20.105057,-1.769623,-0.017249,0.000013,0.958342,-1.127997,1.144924,-1.680637,-1.554218,2.338750,-1.935274,-0.047628,0.545757,-0.514976,0.076399,0.000000,-1.473816,-4.546287,-0.774781,-0.615183,0.231865,-0.005797,-1.393042,-4.643882,-0.885106,-0.560525,0.202022,0.000002,-0.281893,-0.636574,0.449917,3.045769,0.293659,-0.075537,-1.213841,0.557590,-0.184790,-0.057676,-0.052943,-1.927024,-7.463904,3.121099,-1.579499,-0.052534,-0.185595,-0.121023,-0.282554,-0.636243,0.449805,3.046055,0.292055,-0.075497,-1.214924,0.559396,-0.183458,-0.061709,-0.045657,-1.929371,0,30.500000,32.500000,30.750000,35.500000,38.250000,39.250000,0.825361,7,253,253,253,253,253,253,1,-1.034295,-1.493982,-9.883265,0.582284,1.000000,8.422447,47.819435,47.817638,1.057450,47.527599,47.642262,47.556267,47.441601,47.412937,47.527599,0,2,-0.000000,-0.000000,0.004000,0.004000,3,1,2067.269178,827.594221,26129.453904,1.571539,-53.500211,25.044286,0.000000,0.000000,0.000000,0.000000,0.000000,0.000000,0.000000,0.000000,0.000000,0.000000,65536,0,0,0,0,0,0,0,0,0.000000,0.000000,0.000000,0.000000,0.000000,0.000000,0.000000,0.000000
6238.511000,0.860233,-1.130484,1.172593,-1.706908,-1.550586,2.338741,-1.941374,-0.048607,0.546832,-0.522528,0.072911,0.000000,-0.088331,-0.002212,0.024880,-0.023775,0.003317,-0.000000,-1.394097,-4.625352,-0.874294,-0.560944,0.202372,0.000002,0.034132,-42.880337,-19.986100,-1.771532,-0.014607,0.000016,0.861296,-1.130495,1.172284,-1.706726,-1.550636,2.338731,-1.936575,-0.047438,0.546056,-0.531704,0.077639,0.000000,-1.808979,-4.437070,-0.826201,-0.477974,0.209126,0.013736,-1.394097,-4.625352,-0.874294,-0.560944,0.202372,0.000002,-0.341220,-0.605638,0.440760,3.055459,0.145923,-0.078698,-1.151390,0.673504,-0.183119,-0.075683,-0.037498,-1.928098,-7.613898,2.540438,-0.871527,-0.056457,-0.185908,-0.128753,-0.341851,-0.605268,0.440618,3.055632,0.144290,-0.078566,-1.153081,0.677633,-0.183713,-0.065993,-0.039566,-1.933367,0,30.500000,32.500000,30.750000,35.500000,38.250000,39.250000,0.802524,7,253,253,253,253,253,253,1,-0.268151,-4.252102,-8.063671,0.580973,1.000000,8.473366,47.813164,47.818535,1.151445,47.513268,47.599262,47.527599,47.427269,47.384270,47.513268,0,2,-0.000000,-0.000000,0.004000,0.004000,3,1,2066.619856,828.868093,26128.853387,1.584738,-53.493674,25.052281,0.000000,0.000000,0.000000,0.000000,0.000000,0.000000,0.000000,0.000000,0.000000,0.000000,65536,0,0,0,0,0,0,0,0,0.000000,0.000000,0.000000,0.000000,0.000000,0.000000,0.000000,0.000000
6238.561000,0.762990,-1.132919,1.199983,-1.733081,-1.546934,2.338741,-1.946170,-0.048727,0.548183,-0.523819,0.073091,0.000000,-0.103100,-0.002581,0.029040,-0.027750,0.003872,-0.000000,-1.395294,-4.606161,-0.862265,-0.561365,0.202720,0.000002,0.030139,-42.680247,-19.853146,-1.773238,-0.012053,0.000019,0.764073,-1.132884,1.199704,-1.732738,-1.546974,2.338747,-1.942613,-0.048501,0.550480,-0.527699,0.076487,0.000000,-1.626474,-4.385485,-1.101255,-0.522299,0.222725,0.010298,-1.395294,-4.606161,-0.862265,-0.561365,0.202720,0.000002,-0.397144,-0.568979,0.431500,3.058121,-0.002378,-0.081826,-1.078394,0.786347,-0.184790,-0.073051,-0.034513,-1.934186,-7.389444,4.664937,-1.523610,-0.082647,-0.165742,-0.120671,-0.397749,-0.568544,0.431422,3.058047,-0.004021,-0.081959,-1.079654,0.789285,-0.183913,-0.069707,-0.033071,-1.938067,0,30.500000,32.500000,30.750000,35.500000,38.250000,39.250000,0.848892,7,253,253,253,253,253,253,1,-0.363919,-3.026271,-9.289503,0.585267,1.000000,8.409298,47.787189,47.799728,1.267820,47.455936,47.570599,47.527599,47.398605,47.369938,47.527599,0,2,-0.000000,-0.000000,0.004000,0.004000,3,1,2066.585622,827.410630,26129.365537,1.575444,-53.507196,25.043991,0.000000,0.000000,0.000000,0.000000,0.000000,0.000000,0.000000,0.000000,0.000000,0.000000,65536,0,0,0,0,0,0,0,0,0.000000,0.000000,0.000000,0.000000,0.000000,0.000000,0.000000,0.000000
6238.611000,0.665443,-1.135361,1.227460,-1.759336,-1.543271,2.338741,-1.951687,-0.048865,0.549737,-0.525304,0.073298,0.000000,-0.116836,-0.002925,0.032909,-0.031447,0.004388,-0.000000,-1.397012,-4.585697,-0.849147,-0.561860,0.203075,0.000002,0.030595,-42.468201,-19.710176,-1.775158,-0.009430,0.000021,0.666509,-1.135361,1.227130,-1.758897,-1.543307,2.338762,-1.952962,-0.049485,0.550618,-0.528753,0.075864,0.000000,-1.367166,-4.285151,-0.814130,-0.472633,0.207710,0.003678,-1.397012,-4.585697,-0.849147,-0.561860,0.203075,0.000002,-0.449163,-0.526877,0.422329,3.053415,-0.151098,-0.085530,-0.996769,0.892564,-0.183699,-0.076768,-0.025372,-1.944515,-5.943580,6.554669,-1.950435,-0.108702,-0.148432,-0.115734,-0.449720,-0.526400,0.422213,3.053263,-0.152684,-0.085687,-0.995228,0.893308,-0.184055,-0.072816,-0.026216,-1.943484,0,30.500000,32.500000,30.750000,35.500000,38.250000,39.250000,0.814021,7,253,253,253,253,253,253,1,-0.938527,-1.034295,-9.097966,0.584059,1.000000,8.484556,47.810478,47.820328,1.169348,47.527599,47.656593,47.570599,47.441601,47.398605,47.541931,0,2,-0.000000,-0.000000,0.004000,0.004000,3,1,2067.431682,826.086427,26129.607698,1.563716,-53.514604,25.039429,0.000000,0.000000,0.000000,0.000000,0.000000,0.000000,0.000000,0.000000,0.000000,0.000000,65536,0,0,0,0,0,0,0,0,0.000000,0.000000,0.000000,0.000000,0.000000,0.000000,0.000000,0.000000
6238.661000,0.567606,-1.137811,1.255017,-1.785670,-1.539596,2.338741,-1.957947,-0.049022,0.551500,-0.526989,0.073533,0.000000,-0.133210,-0.003335,0.037522,-0.035854,0.005003,-0.000000,-1.398151,-4.564710,-0.834857,-0.562352,0.203444,0.000003,0.022310,-42.248234,-19.551697,-1.776946,-0.006880,0.000024,0.568804,-1.137746,1.254731,-1.785364,-1.539650,2.338712,-1.962098,-0.048821,0.551107,-0.526755,0.074975,0.000000,-1.241830,-4.313961,-0.742764,-0.560002,0.193156,0.010402,-1.398151,-4.564710,-0.834857,-0.562352,0.203444,0.000003,-0.496657,-0.479872,0.413064,3.041496,-0.299477,-0.089632,-0.903812,0.989431,-0.184107,-0.076447,-0.019953,-1.953659,-5.506425,6.251881,-2.209038,-0.121281,-0.149648,-0.119508,-0.497205,-0.479266,0.412998,3.041249,-0.301329,-0.089754,-0.900588,0.988585,-0.184141,-0.075285,-0.019053,-1.949642,0,30.500000,32.500000,30.750000,35.500000,38.250000,39.250000,0.790212,7,253,253,253,253,253,253,1,-1.628057,-0.612916,-10.534488,0.585932,1.000000,8.431695,47.804207,47.811371,1.086542,47.527599,47.642262,47.541931,47.441601,47.355606,47.527599,0,2,-0.000000,-0.000000,0.004000,0.004000,3,1,2067.380819,826.924863,26129.913791,1.567344,-53.503381,25.044440,0.000000,0.000000,0.000000,0.000000,0.000000,0.000000,0.000000,0.000000,0.000000,0.000000,65536,0,0,0,0,0,0,0,0,0.000000,0.000000,0.000000,0.000000,0.000000,0.000000,0.000000,0.000000
6238.711000,0.469508,-1.140267,1.282649,-1.812073,-1.535912,2.338741,-1.964962,-0.049198,0.553476,-0.528877,0.073797,0.000000,-0.147703,-0.003698,0.041604,-0.039755,0.005547,0.000000,-1.400359,-4.542186,-0.819342,-0.564757,0.203812,0.000003,0.022110,-42.014464,-19.383122,-1.778880,-0.004242,0.000027,0.470596,-1.140267,1.282250,-1.811891,-1.535980,2.338716,-1.968736,-0.048184,0.553072,-0.523921,0.072264,0.000000,-1.190101,-4.355491,-0.856344,-0.616302,0.230664,0.005136,-1.400359,-4.542186,-0.819342,-0.564757,0.203812,0.000003,-0.539260,-0.428242,0.403966,3.022139,-0.447864,-0.094423,-0.799472,1.075474,-0.185209,-0.073177,-0.015989,-1.960468,-7.290232,7.525454,-1.143940,-0.135071,-0.146841,-0.124002,-0.539685,-0.427642,0.403787,3.022000,-0.449562,-0.094165,-0.796647,1.074063,-0.184169,-0.077081,-0.011642,-1.956552,0,30.500000,32.500000,30.750000,35.250000,38.250000,39.250000,0.847236,7,253,253,253,253,253,253,1,5.037400,-1.091756,-9.481039,0.588032,1.000000,8.429813,47.834656,47.848091,1.021639,47.541931,47.656593,47.570599,47.441601,47.384270,47.541931,0,2,-0.000000,-0.000000,0.004000,0.004000,3,1,2064.785610,826.973634,26128.945522,1.570343,-53.495002,25.050090,0.000000,0.000000,0.000000,0.000000,0.000000,0.000000,0.000000,0.000000,0.000000,0.000000,65536,0,0,0,0,0,0,0,0,0.000000,0.000000,0.000000,0.000000,0.000000,0.000000,0.000000,0.000000
6238.761000,0.371076,-1.142731,1.310375,-1.838566,-1.532215,2.338741,-1.972760,-0.049393,0.555672,-0.530976,0.074090,0.000000,-0.163639,-0.004097,0.046093,-0.044044,0.006146,0.000000,-1.402466,-4.518843,-0.802607,-0.565359,0.204184,0.000003,0.017824,-41.770841,-19.200176,-1.780811,-0.001689,0.000030,0.372121,-1.142731,1.310089,-1.838393,-1.532229,2.338762,-1.971148,-0.049310,0.555285,-0.535885,0.069681,0.000000,-1.378134,-4.324984,-0.731526,-0.454368,0.257372,0.011274,-1.402466,-4.518843,-0.802607,-0.565359,0.204184,0.000003,-0.576378,-0.372639,0.394703,2.995725,-0.595589,-0.099006,-0.685630,1.147469,-0.183491,-0.075992,0.002335,-1.963054,-5.749728,7.431633,-1.388853,-0.143613,-0.132589,-0.123667,-0.576739,-0.372027,0.394580,2.995503,-0.597141,-0.098923,-0.684318,1.148861,-0.184138,-0.078178,-0.004038,-1.964240,0,30.500000,32.500000,30.750000,35.250000,38.250000,39.250000,0.814105,7,253,253,253,253,253,253,1,6.014235,-1.379060,-8.619126,0.590365,1.000000,8.430266,47.846302,47.860630,0.952265,47.584930,47.670929,47.599262,47.470268,47.427269,47.570599,0,2,-0.000000,-0.000000,0.004000,0.004000,3,1,2065.794383,827.360898,26129.147585,1.574651,-53.497631,25.049757,0.000000,0.000000,0.000000,0.000000,0.000000,0.000000,0.000000,0.000000,0.000000,0.000000,65536,0,0,0,0,0,0,0,0,0.000000,0.000000,0.000000,0.000000,0.000000,0.000000,0.000000,0.000000
6238.811000,0.272409,-1.145202,1.338167,-1.865123,-1.528510,2.338741,-1.981354,-0.049608,0.558093,-0.533289,0.074412,0.000000,-0.179409,-0.004492,0.050535,-0.048289,0.006738,0.000000,-1.404515,-4.494421,-0.784727,-0.565963,0.204574,0.000004,0.015346,-41.515766,-19.004847,-1.782473,0.000942,0.000033,0.273252,-1.145201,1.337920,-1.864895,-1.528565,2.338735,-1.979690,-0.051137,0.561077,-0.530200,0.076794,0.000000,-1.234036,-4.223011,-0.841526,-0.541450,0.181770,0.020464,-1.404515,-4.494421,-0.784727,-0.565963,0.204574,0.000004,-0.607695,-0.313576,0.385488,2.962131,-0.742315,-0.104037,-0.564220,1.210682,-0.184836,-0.079605,-0.001393,-1.970820,-3.050765,7.398856,-2.432167,-0.153508,-0.108565,-0.123255,-0.607938,-0.313064,0.385392,2.961807,-0.743566,-0.104026,-0.564803,1.212069,-0.184047,-0.078554,0.003690,-1.972722,0,30.500000,32.500000,30.750000,35.250000,38.250000,39.250000,0.797904,7,253,253,253,253,253,253,1,-2.164358,-0.555455,-10.802638,0.622802,1.000000,8.384702,47.829285,47.840031,0.990311,47.541931,47.656593,47.584930,47.441601,47.384270,47.541931,0,2,-0.000000,-0.000000,0.004000,0.004000,3,1,2067.807249,826.833964,26130.022887,1.572065,-53.507275,25.048951,0.000000,0.000000,0.000000,0.000000,0.000000,0.000000,0.000000,0.000000,0.000000,0.000000,65536,0,0,0,0,0,0,0,0,0.000000,0.000000,0.000000,0.000000,0.000000,0.000000,0.000000,0.000000
6238.861000,0.173984,-1.147666,1.365890,-1.891614,-1.524813,2.338741,-1.990720,-0.049843,0.560731,-0.535810,0.074764,0.000000,-0.194994,-0.004882,0.054925,-0.052483,0.007323,0.000000,-1.406464,-4.469145,-0.765581,-0.564752,0.204968,0.000004,0.015186,-41.251819,-18.795819,-1.784111,0.003549,0.000036,0.174223,-1.147610,1.365835,-1.891458,-1.524812,2.338735,-1.980218,-0.048574,0.560210,-0.528307,0.075001,0.000000,-1.384889,-4.292947,-0.704196,-0.609158,0.231161,0.019589,-1.406464,-4.469145,-0.765581,-0.564752,0.204968,0.000004,-0.632806,-0.251839,0.376247,2.921350,-0.887464,-0.109214,-0.437262,1.256054,-0.185305,-0.076991,0.003255,-1.971467,-3.291643,8.110434,-2.170502,-0.165575,-0.094199,-0.118871,-0.632858,-0.251686,0.376274,2.921176,-0.887796,-0.109442,-0.439906,1.262759,-0.183897,-0.078198,0.011438,-1.981972,0,30.500000,32.500000,30.750000,35.500000,38.250000,39.250000,0.811848,7,253,253,253,253,253,253,1,-0.919373,-0.402226,-10.266336,0.804102,1.000000,8.337145,47.807789,47.820328,1.124589,47.541931,47.656593,47.556267,47.441601,47.412937,47.541931,0,2,-0.000000,-0.000000,0.004000,0.004000,3,1,2066.721004,827.020370,26129.797031,1.570476,-53.504990,25.045260,0.000000,0.000000,0.000000,0.000000,0.000000,0.000000,0.000000,0.000000,0.000000,0.000000,65536,0,0,0,0,0,0,0,0,0.000000,0.000000,0.000000,0.000000,0.000000,0.000000,0.000000,0.000000
6238.911000,0.083223,-1.149938,1.391455,-1.916043,-1.521405,2.338741,-1.431114,-0.035832,0.403105,-0.385190,0.053747,0.000000,19.506896,0.488405,-5.494556,5.250354,-0.732608,0.000000,5.032305,-5.099552,-1.999268,-0.437109,0.272096,-0.000457,73.621174,-47.646672,-32.300218,-0.978802,0.602529,-0.003875,0.082805,-1.149804,1.391476,-1.915754,-1.521407,2.338731,-1.485009,-0.028714,0.402748,-0.389654,0.054803,0.000000,7.636256,-5.341541,-2.151723,-0.474324,0.327091,0.006550,5.032305,-5.099552,-1.999268,-0.437109,0.272096,-0.000457,-0.650253,-0.193130,0.367782,2.877593,-1.019569,-0.114139,-0.241455,0.963723,-0.135497,-0.056113,0.010927,-1.478572,-2.462361,13.208685,-3.176061,-0.222684,-0.062408,-0.114474,-0.650174,-0.193402,0.367914,2.877596,-1.018893,-0.114721,-0.229549,0.928852,-0.131446,-0.055251,0.013281,-1.424776,0,30.500000,32.500000,30.750000,35.500000,38.250000,39.250000,0.857137,7,253,253,253,253,253,253,1,16.108189,11.683704,-12.220005,1.000000,1.000000,6.051854,50.865353,50.902073,-0.703849,50.824146,50.938808,50.852810,50.723816,50.695152,50.824146,0,2,-0.000000,-0.000000,0.004000,0.004000,3,1,2063.766325,823.113987,26130.486306,1.521517,-53.486772,25.045185,0.000000,0.000000,0.000000,0.000000,0.000000,0.000000,0.000000,0.000000,0.000000,0.000000,65536,0,0,0,0,0,0,0,0,0.000000,0.000000,0.000000,0.000000,0.000000,0.000000,0.000000,0.000000
6238.961000,0.033123,-1.151193,1.405567,-1.929528,-1.519523,2.338741,-0.665033,-0.016651,0.187321,-0.178996,0.024976,0.000000,11.537639,0.288874,-3.249836,3.105399,-0.433311,0.000000,2.840964,-4.558115,-1.653888,-0.432432,0.238319,-0.000275,43.266031,-42.157791,-27.313944,-1.364661,0.370582,-0.002291,0.033166,-1.151306,1.405470,-1.929547,-1.519577,2.338762,-0.687730,-0.013253,0.189705,-0.179911,0.026642,0.000000,3.424138,-4.234027,-1.524652,-0.396444,0.277365,0.009810,2.840964,-4.558115,-1.653888,-0.432432,0.238319,-0.000275,-0.657354,-0.160760,0.363444,2.851026,-1.090325,-0.118097,-0.088160,0.450080,-0.064186,-0.026831,0.002527,-0.684586,-1.547487,11.366632,-2.115433,-0.206348,-0.051068,-0.118432,-0.657363,-0.160737,0.363320,2.851064,-1.090380,-0.117749,-0.084174,0.435345,-0.060873,-0.025337,0.007449,-0.662075,0,30.500000,32.500000,30.750000,35.500000,38.250000,39.250000,0.826428,7,253,253,253,253,253,253,1,8.350976,6.991069,-9.787497,1.000000,1.000000,2.806912,47.763905,47.782711,-0.057072,47.599262,47.699593,47.613598,47.498932,47.470268,47.599262,0,2,-0.000000,-0.000000,0.004000,0.004000,3,1,2065.214039,824.493291,26129.486390,1.535619,-53.500342,25.047476,0.000000,0.000000,0.000000,0.000000,0.000000,0.000000,0.000000,0.000000,0.000000,0.000000,65536,0,0,0,0,0,0,0,0,0.000000,0.000000,0.000000,0.000000,0.000000,0.000000,0.000000,0.000000
6239.011000,0.011687,-1.151730,1.411605,-1.935297,-1.518718,2.338741,-0.255106,-0.006387,0.071856,-0.068663,0.009581,0.000000,5.568520,0.139422,-1.568499,1.498788,-0.209133,0.000000,1.046170,-4.038229,-1.353733,-0.437385,0.209551,-0.000134,20.826308,-39.058534,-23.405094,-1.632580,0.194421,-0.001105,0.011603,-1.151785,1.411625,-1.935281,-1.518763,2.338727,-0.270524,-0.005474,0.071899,-0.069625,0.007527,0.000000,1.278555,-3.758441,-1.299079,-0.406106,0.286934,-0.006177,1.046170,-4.038229,-1.353733,-0.437385,0.209551,-0.000134,-0.659917,-0.146625,0.361384,2.839173,-1.120879,-0.119130,-0.031092,0.177839,-0.023846,-0.007615,0.003099,-0.269599,-1.186256,10.574626,-2.104390,-0.194280,-0.050666,-0.118544,-0.659921,-0.146685,0.361359,2.839180,-1.120763,-0.119069,-0.028584,0.167466,-0.023315,-0.009656,0.003065,-0.253970,0,30.750000,32.500000,30.750000,35.500000,38.250000,39.250000,0.841657,7,253,253,253,253,253,253,1,4.979939,4.884171,-9.481039,1.000000,1.000000,1.076372,47.708378,47.716438,0.325627,47.470268,47.570599,47.527599,47.412937,47.369938,47.513268,0,2,-0.000000,-0.000000,0.004000,0.004000,3,1,2065.859141,825.011725,26129.496665,1.547848,-53.506364,25.046474,0.000000,0.000000,0.000000,0.000000,0.000000,0.000000,0.000000,0.000000,0.000000,0.000000,65536,0,0,0,0,0,0,0,0,0.000000,0.000000,0.000000,0.000000,0.000000,0.000000,0.000000,0.000000
6239.061000,0.004317,-1.151914,1.413681,-1.937281,-1.518441,2.338741,-0.072937,-0.001826,0.020544,-0.019631,0.002739,0.000000,2.231747,0.055877,-0.628622,0.600683,-0.083816,0.000000,-0.018837,-3.601761,-1.175229,-0.442824,0.065351,-0.000055,8.339172,-37.513823,-21.188062,-1.778593,0.095478,-0.000443,0.004084,-1.151769,1.413773,-1.937235,-1.518531,2.338727,-0.078829,-0.000000,0.021419,-0.020168,0.003041,0.000000,0.263912,-3.603627,-1.330080,-0.407926,0.217755,0.003285,-0.018837,-3.601761,-1.175229,-0.442824,0.065351,-0.000055,-0.660768,-0.141682,0.360539,2.835087,-1.131586,-0.119200,-0.008871,0.051783,-0.008237,-0.003046,-0.001268,-0.078470,-1.138107,9.281283,-2.081927,-0.189478,-0.057658,-0.118645,-0.660728,-0.141844,0.360686,2.835021,-1.131180,-0.119526,-0.007808,0.047920,-0.006663,-0.002754,0.000897,-0.072612,0,30.750000,32.500000,30.750000,35.500000,38.250000,39.250000,0.789240,7,253,253,253,253,253,253,1,0.191536,1.742979,-9.404425,1.000000,1.000000,0.308102,47.706589,47.715542,0.325627,47.498932,47.599262,47.527599,47.412937,47.369938,47.513268,0,2,-0.000000,-0.000000,0.004000,0.004000,3,1,2066.732126,825.976045,26129.542016,1.557381,-53.503794,25.046440,0.000000,0.000000,0.000000,0.000000,0.000000,0.000000,0.000000,0.000000,0.000000,0.000000,65536,0,0,0,0,0,0,0,0,0.000000,0.000000,0.000000,0.000000,0.000000,0.000000,0.000000,0.000000
6239.111000,0.002687,-1.151955,1.414140,-1.937720,-1.518380,2.338741,-0.006903,-0.000173,0.001944,-0.001858,0.000259,0.000000,0.691630,0.017317,-0.194813,0.186155,-0.025975,0.000000,-0.342921,-3.353466,-1.635750,-0.261407,0.011551,-0.000017,2.583925,-36.832468,-20.162228,-1.845477,0.049763,-0.000137,0.002476,-1.151750,1.414135,-1.937544,-1.518443,2.338735,-0.007181,0.000456,-0.001514,-0.000487,0.000852,0.000000,-0.080636,-3.459397,-1.508710,-0.359526,0.217778,-0.002638,-0.342921,-3.353466,-1.635750,-0.261407,0.011551,-0.000017,-0.660958,-0.140628,0.360384,2.834182,-1.133874,-0.119155,-0.001431,0.004660,0.000496,-0.000852,0.001542,-0.007092,-1.184267,8.936860,-1.961732,-0.183712,-0.060599,-0.116355,-0.660902,-0.140774,0.360537,2.834096,-1.133482,-0.119627,-0.000731,0.004536,-0.000630,-0.000261,0.000085,-0.006872,0,30.750000,32.500000,30.750000,35.500000,38.250000,39.250000,0.786144,7,253,253,253,253,253,253,1,-0.076614,0.938527,-9.481039,1.000000,1.000000,0.029516,47.678825,47.692257,0.395007,47.470268,47.584930,47.513268,47.398605,47.355606,47.498932,0,2,-0.000000,-0.000000,0.004000,0.004000,3,1,2066.921874,826.280699,26129.445935,1.563747,-53.505206,25.043713,0.000000,0.000000,0.000000,0.000000,0.000000,0.000000,0.000000,0.000000,0.000000,0.000000,65536,0,0,0,0,0,0,0,0,0.000000,0.000000,0.000000,0.000000,0.000000,0.000000,0.000000,0.000000
6239.161000,0.002891,-1.151950,1.414082,-1.937665,-1.518388,2.338741,0.009824,0.000246,-0.002767,0.002644,-0.000369,0.000000,0.105678,0.002646,-0.029767,0.028444,-0.003969,0.000000,0.751890,-3.261293,-1.993425,-0.155659,-0.003008,-0.000003,0.394836,-36.575838,-19.772810,-1.870934,0.032387,-0.000021,0.002867,-1.151781,1.414049,-1.937579,-1.518415,2.338743,0.010714,0.000027,-0.003537,-0.000150,0.000427,0.000000,0.623461,-3.427497,-1.810289,-0.300231,0.218092,-0.001579,0.751890,-3.261293,-1.993425,-0.155659,-0.003008,-0.000003,-0.660916,-0.140890,0.360451,2.834305,-1.133285,-0.119323,0.000817,-0.007125,0.001728,-0.000438,0.003657,0.010757,-1.256999,9.186749,-2.003269,-0.188856,-0.055594,-0.121364,-0.660880,-0.140908,0.360556,2.834212,-1.133194,-0.119615,0.001042,-0.006455,0.000897,0.000371,-0.000121,0.009780,0,30.750000,32.500000,30.750000,35.500000,38.250000,39.250000,0.786517,7,253,253,253,253,253,253,1,0.344765,1.053449,-9.385271,1.000000,1.000000,0.041192,47.714649,47.736141,0.412909,47.484600,47.570599,47.541931,47.427269,47.398605,47.527599,0,2,-0.000000,-0.000000,0.004000,0.004000,3,1,2066.701011,826.142390,26129.481383,1.556717,-53.505904,25.048994,0.000000,0.000000,0.000000,0.000000,0.000000,0.000000,0.000000,0.000000,0.000000,0.000000,65536,0,0,0,0,0,0,0,0,0.000000,0.000000,0.000000,0.000000,0.000000,0.000000,0.000000,0.000000
6239.211000,0.003414,-1.151937,1.413935,-1.937524,-1.518407,2.338741,0.009790,0.000245,-0.002758,0.002635,-0.000368,0.000000,-0.059144,-0.001481,0.016659,-0.015919,0.002221,0.000000,0.701504,-3.253696,-1.985186,-0.155710,-0.003746,0.000001,-0.220941,-36.503060,-19.663583,-1.878096,0.027483,0.000012,0.003436,-1.151812,1.413958,-1.937540,-1.518391,2.338747,0.012122,0.000000,-0.000941,0.001415,0.000203,0.000000,0.425083,-3.575949,-2.035875,-0.218756,0.187540,-0.024957,0.701504,-3.253696,-1.985186,-0.155710,-0.003746,0.000001,-0.660843,-0.141267,0.360512,2.834554,-1.132451,-0.119386,0.001659,-0.008031,0.000306,-0.000198,-0.000475,0.012141,-1.032035,8.849457,-1.935469,-0.180340,-0.057192,-0.123226,-0.660825,-0.141251,0.360603,2.834509,-1.132456,-0.119582,0.001042,-0.006433,0.000894,0.000370,-0.000121,0.009747,0,30.750000,32.500000,30.750000,35.500000,38.250000,39.250000,0.783528,7,253,253,253,253,253,253,1,-0.766145,0.670376,-9.615114,1.000000,1.000000,0.041175,47.711063,47.720917,0.336817,47.513268,47.613598,47.541931,47.427269,47.384270,47.527599,0,2,-0.000000,-0.000000,0.004000,0.004000,3,1,2067.097052,826.235199,26129.407179,1.563955,-53.510842,25.050049,0.000000,0.000000,0.000000,0.000000,0.000000,0.000000,0.000000,0.000000,0.000000,0.000000,65536,0,0,0,0,0,0,0,0,0.000000,0.000000,0.000000,0.000000,0.000000,0.000000,0.000000,0.000000
6239.261000,0.003812,-1.151927,1.413823,-1.937417,-1.518422,2.338741,0.006170,0.000154,-0.001738,0.001661,-0.000232,0.000000,-0.072710,-0.001820,0.020480,-0.019570,0.002731,0.000000,0.431805,-3.267100,-1.913871,-0.178350,-0.001237,0.000002,-0.271641,-36.498044,-19.654696,-1.878675,0.027080,0.000014,0.003770,-1.151817,1.413863,-1.937483,-1.518383,2.338762,0.003209,-0.000969,-0.000523,0.001982,0.000119,0.000000,0.457073,-3.646758,-2.104270,-0.167397,0.144392,0.001392,0.431805,-3.267100,-1.913871,-0.178350,-0.001237,0.000002,-0.660808,-0.141489,0.360555,2.834700,-1.131983,-0.119418,0.000722,-0.002130,0.000680,-0.000113,-0.000491,0.003217,-0.923959,8.983683,-2.004977,-0.183241,-0.053914,-0.116976,-0.660782,-0.141513,0.360640,2.834735,-1.131893,-0.119557,0.000658,-0.004054,0.000564,0.000233,-0.000076,0.006143,0,30.750000,32.500000,30.750000,35.500000,38.250000,39.250000,0.798612,7,253,253,253,253,253,253,1,-0.402226,1.091756,-9.500193,1.000000,1.000000,0.025976,47.700321,47.711063,0.368150,47.498932,47.599262,47.527599,47.412937,47.341274,47.513268,0,2,-0.000000,-0.000000,0.004000,0.004000,3,1,2067.087288,826.054527,26129.457610,1.559293,-53.510579,25.043982,0.000000,0.000000,0.000000,0.000000,0.000000,0.000000,0.000000,0.000000,0.000000,0.000000,65536,0,0,0,0,0,0,0,0,0.000000,0.000000,0.000000,0.000000,0.000000,0.000000,0.000000,0.000000
6239.311000,0.004037,-1.151921,1.413760,-1.937356,-1.518431,2.338741,0.003116,0.000078,-0.000878,0.000839,-0.000117,0.000000,-0.048790,-0.001222,0.013743,-0.013132,0.001832,0.000000,0.214537,-3.279802,-1.852448,-0.197484,0.001043,0.000001,-0.182275,-36.506783,-19.670856,-1.877636,0.027793,0.000010,0.003862,-1.151865,1.413890,-1.937411,-1.518368,2.338739,0.000986,-0.001416,-0.000322,0.001159,0.000023,0.000000,0.488219,-3.749930,-2.096617,-0.142699,0.097391,0.001669,0.214537,-3.279802,-1.852448,-0.197484,0.001043,0.000001,-0.660774,-0.141551,0.360566,2.834769,-1.131823,-0.119333,0.000461,-0.000651,0.000967,-0.000023,0.000579,0.000985,-1.226230,9.002399,-1.806950,-0.183296,-0.057771,-0.123234,-0.660758,-0.141660,0.360660,2.834862,-1.131576,-0.119543,0.000333,-0.002047,0.000285,0.000118,-0.000038,0.003102,0,30.750000,32.500000,30.750000,35.500000,38.250000,39.250000,0.790549,7,253,253,253,253,253,253,1,-0.114922,1.168370,-9.519346,1.000000,1.000000,0.013126,47.702110,47.727188,0.363673,47.470268,47.584930,47.513268,47.412937,47.384270,47.498932,0,2,-0.000000,-0.000000,0.004000,0.004000,3,1,2066.848385,826.268467,26129.291305,1.562142,-53.508446,25.050394,0.000000,0.000000,0.000000,0.000000,0.000000,0.000000,0.000000,0.000000,0.000000,0.000000,65536,0,0,0,0,0,0,0,0,0.000000,0.000000,0.000000,0.000000,0.000000,0.000000,0.000000,0.000000
6239.361000,0.004141,-1.151919,1.413730,-1.937328,-1.518435,2.338741,0.001310,0.000033,-0.000369,0.000353,-0.000049,0.000000,-0.025648,-0.000642,0.007224,-0.006903,0.000963,0.000000,0.088710,-3.287727,-1.804427,-0.208806,0.002431,0.000001,-0.095818,-36.515623,-19.686648,-1.876635,0.028472,0.000005,0.003895,-1.151894,1.413874,-1.937367,-1.518383,2.338747,0.001752,0.000000,-0.000710,0.000881,0.000000,0.000000,0.426228,-3.650262,-2.078505,-0.123182,0.067679,-0.011541,0.088710,-3.287727,-1.804427,-0.208806,0.002431,0.000001,-0.660763,-0.141571,0.360587,2.834796,-1.131793,-0.119339,0.000191,-0.001157,0.000250,0.000002,-0.000171,0.001750,-1.103904,8.965518,-1.938227,-0.183360,-0.056502,-0.119325,-0.660747,-0.141729,0.360670,2.834921,-1.131429,-0.119537,0.000140,-0.000861,0.000120,0.000049,-0.000016,0.001304,0,30.750000,32.500000,30.750000,35.500000,38.250000,39.250000,0.786264,7,253,253,253,253,253,253,1,-0.363919,0.900220,-9.519346,1.000000,1.000000,0.005523,47.700321,47.711960,0.359196,47.484600,47.599262,47.513268,47.398605,47.369938,47.513268,0,2,-0.000000,-0.000000,0.004000,0.004000,3,1,2066.967718,826.197052,26129.410917,1.561062,-53.508892,25.046453,0.000000,0.000000,0.000000,0.000000,0.000000,0.000000,0.000000,0.000000,0.000000,0.000000,65536,0,0,0,0,0,0,0,0,0.000000,0.000000,0.000000,0.000000,0.000000,0.000000,0.000000,0.000000
6239.411000,0.004181,-1.151918,1.413719,-1.937318,-1.518436,2.338741,0.000439,0.000011,-0.000124,0.000118,-0.000016,0.000000,-0.011214,-0.000281,0.003159,-0.003018,0.000421,0.000000,0.028953,-3.291791,-1.781355,-0.214270,0.003118,0.000000,-0.041893,-36.521967,-19.696412,-1.876012,0.028912,0.000002,0.003919,-1.151916,1.413823,-1.937316,-1.518407,2.338727,0.001465,0.000000,-0.000722,0.000473,-0.000246,0.000000,0.600212,-3.676209,-2.177886,-0.136366,0.023486,-0.020912,0.028953,-3.291791,-1.781355,-0.214270,0.003118,0.000000,-0.660760,-0.141585,0.360622,2.834830,-1.131737,-0.119385,0.000112,-0.000944,0.000299,0.000245,0.000250,0.001438,-1.241604,8.827473,-1.989624,-0.179948,-0.059498,-0.118317,-0.660743,-0.141755,0.360673,2.834944,-1.131372,-0.119535,0.000047,-0.000288,0.000040,0.000017,-0.000005,0.000437,0,30.750000,32.500000,30.750000,35.500000,38.250000,39.250000,0.799452,7,253,253,253,253,253,253,1,-0.287304,1.130063,-9.442732,1.000000,1.000000,0.001852,47.718231,47.732559,0.390530,47.527599,47.627930,47.556267,47.427269,47.369938,47.527599,0,2,-0.000000,-0.000000,0.004000,0.004000,3,1,2066.965837,826.384872,26129.483694,1.565551,-53.508954,25.045252,0.000000,0.000000,0.000000,0.000000,0.000000,0.000000,0.000000,0.000000,0.000000,0.000000,65536,0,0,0,0,0,0,0,0,0.000000,0.000000,0.000000,0.000000,0.000000,0.000000,0.000000,0.000000
6239.461000,0.004193,-1.151917,1.413716,-1.937314,-1.518437,2.338741,0.000090,0.000002,-0.000025,0.000024,-0.000003,0.000000,-0.003976,-0.000100,0.001120,-0.001070,0.000149,0.000000,0.005437,-3.293534,-1.772187,-0.216464,0.003397,0.000000,-0.014853,-36.526025,-19.701526,-1.875722,0.029110,0.000001,0.004086,-1.151904,1.413770,-1.937316,-1.518427,2.338747,0.002759,0.000000,-0.001091,0.000150,-0.000211,0.000000,0.521577,-3.640869,-2.184676,-0.143437,0.011770,-0.017290,0.005437,-3.293534,-1.772187,-0.216464,0.003397,0.000000,-0.660749,-0.141693,0.360640,2.834908,-1.131525,-0.119443,0.000196,-0.001803,0.000515,0.000206,0.000942,0.002736,-1.135679,8.964364,-1.942168,-0.182808,-0.055426,-0.121823,-0.660741,-0.141763,0.360674,2.834950,-1.131356,-0.119534,0.000010,-0.000059,0.000008,0.000003,-0.000001,0.000089,0,30.750000,32.500000,30.750000,35.500000,38.250000,39.250000,0.779881,7,253,253,253,253,253,253,1,-0.191536,0.823605,-9.442732,1.000000,1.000000,0.000380,47.691360,47.711063,0.359196,47.455936,47.613598,47.527599,47.427269,47.369938,47.527599,0,2,-0.000000,-0.000000,0.004000,0.004000,3,1,2066.947097,826.217760,26129.418464,1.560797,-53.510342,25.048828,0.000000,0.000000,0.000000,0.000000,0.000000,0.000000,0.000000,0.000000,0.000000,0.000000,65536,0,0,0,0,0,0,0,0,0.000000,0.000000,0.000000,0.000000,0.000000,0.000000,0.000000,0.000000
6239.511000,0.004194,-1.151917,1.413715,-1.937314,-1.518437,2.338741,-0.000018,-0.000000,0.000005,-0.000005,0.000001,0.000000,-0.000954,-0.000024,0.000269,-0.000257,0.000036,0.000000,-0.001703,-3.294083,-1.769391,-0.217146,0.003491,0.000000,-0.003565,-36.527284,-19.703743,-1.875594,0.029228,0.000000,0.004174,-1.151947,1.413765,-1.937338,-1.518431,2.338766,0.002493,0.000000,0.000003,0.000098,-0.000204,0.000000,0.629378,-3.661227,-2.118067,-0.155394,-0.013746,-0.040561,-0.001703,-3.294083,-1.769391,-0.217146,0.003491,0.000000,-0.660731,-0.141751,0.360673,2.834920,-1.131413,-0.119536,0.000362,-0.001627,-0.000013,0.000203,-0.000100,0.002472,-1.048936,9.062061,-1.981378,-0.186579,-0.059343,-0.117038,-0.660741,-0.141763,0.360675,2.834951,-1.131355,-0.119534,-0.000002,0.000012,-0.000002,-0.000001,0.000000,-0.000018,0,30.750000,32.500000,30.750000,35.500000,38.250000,39.250000,0.816588,7,253,253,253,253,253,253,1,-0.421380,1.149217,-9.595961,1.000000,1.000000,0.000076,47.720917,47.743305,0.374863,47.498932,47.599262,47.527599,47.427269,47.398605,47.513268,0,2,-0.000000,-0.000000,0.004000,0.004000,3,1,2066.944642,826.082987,26129.443283,1.560571,-53.504430,25.044683,0.000000,0.000000,0.000000,0.000000,0.000000,0.000000,0.000000,0.000000,0.000000,0.000000,65536,0,0,0,0,0,0,0,0,0.000000,0.000000,0.000000,0.000000,0.000000,0.000000,0.000000,0.000000
6239.561000,0.004192,-1.151917,1.413716,-1.937315,-1.518437,2.338741,-0.000035,-0.000001,0.000010,-0.000009,0.000001,0.000000,0.000047,0.000001,-0.000013,0.000013,-0.000002,0.000000,-0.002705,-3.294190,-1.768984,-0.217251,0.003503,-0.000000,0.000174,-36.527471,-19.704478,-1.875562,0.029225,-0.000000,0.004190,-1.151889,1.413730,-1.937331,-1.518451,2.338750,0.000067,0.000000,-0.000000,0.000079,-0.000122,0.000000,0.470850,-3.630830,-2.079429,-0.154091,0.013182,-0.015853,-0.002705,-3.294190,-1.768984,-0.217251,0.003503,-0.000000,-0.660746,-0.141760,0.360650,2.834965,-1.131383,-0.119505,0.000016,-0.000032,-0.000009,0.000122,-0.000078,0.000054,-1.269339,8.824724,-2.153833,-0.181194,-0.060501,-0.119877,-0.660742,-0.141762,0.360674,2.834950,-1.131357,-0.119534,-0.000004,0.000023,-0.000003,-0.000001,0.000000,-0.000035,0,30.750000,32.500000,30.750000,35.500000,38.250000,39.250000,0.773460,7,253,253,253,253,253,253,1,-0.383072,0.919373,-9.538500,1.000000,1.000000,0.000146,47.712856,47.717331,0.363673,47.498932,47.613598,47.541931,47.427269,47.369938,47.527599,0,2,-0.000000,-0.000000,0.004000,0.004000,3,1,2066.956027,826.385977,26129.650011,1.565374,-53.507578,25.046994,0.000000,0.000000,0.000000,0.000000,0.000000,0.000000,0.000000,0.000000,0.000000,0.000000,65536,0,0,0,0,0,0,0,0,0.000000,0.000000,0.000000,0.000000,0.000000,0.000000,0.000000,0.000000
6239.611000,0.004191,-1.151917,1.413716,-1.937315,-1.518437,2.338741,-0.000025,-0.000001,0.000007,-0.000007,0.000001,0.000000,0.000244,0.000006,-0.000069,0.000066,-0.000009,0.000000,-0.001922,-3.294175,-1.769254,-0.217195,0.003497,-0.000000,0.000913,-36.527911,-19.704826,-1.875566,0.029224,-0.000000,0.004171,-1.151904,1.413733,-1.937331,-1.518454,2.338747,0.000000,0.000000,-0.000000,0.000000,-0.000094,0.000000,0.447505,-3.689244,-2.087999,-0.151131,0.002415,-0.020061,-0.001922,-3.294175,-1.769254,-0.217195,0.003497,-0.000000,-0.660745,-0.141747,0.360659,2.834955,-1.131405,-0.119526,-0.000000,0.000009,-0.000000,0.000094,0.000001,-0.000010,-1.305859,9.119665,-1.804472,-0.186549,-0.055296,-0.118240,-0.660742,-0.141761,0.360674,2.834949,-1.131359,-0.119534,-0.000003,0.000017,-0.000002,-0.000001,0.000000,-0.000025,0,30.750000,32.500000,30.750000,35.500000,38.250000,39.250000,0.787693,7,253,253,253,253,253,253,1,0.000000,0.938527,-9.423578,1.000000,1.000000,0.000107,47.715542,47.728081,0.403955,47.498932,47.627930,47.556267,47.441601,47.398605,47.527599,0,2,-0.000000,-0.000000,0.004000,0.004000,3,1,2066.712104,826.236169,26129.291699,1.557850,-53.507503,25.045661,0.000000,0.000000,0.000000,0.000000,0.000000,0.000000,0.000000,0.000000,0.000000,0.000000,65536,0,0,0,0,0,0,0,0,0.000000,0.000000,0.000000,0.000000,0.000000,0.000000,0.000000,0.000000
6239.661000,0.004190,-1.151917,1.413716,-1.937315,-1.518436,2.338741,-0.000014,-0.000000,0.000004,-0.000004,0.000001,0.000000,0.000197,0.000005,-0.000055,0.000053,-0.000007,0.000000,-0.001044,-3.294086,-1.769562,-0.217121,0.003491,-0.000000,0.000735,-36.527519,-19.704560,-1.875554,0.029240,-0.000000,0.004186,-1.151920,1.413746,-1.937288,-1.518419,2.338750,0.000000,0.000000,-0.000000,0.000000,-0.000000,0.000000,0.426827,-3.631340,-2.097062,-0.170039,-0.000513,-0.007340,-0.001044,-3.294086,-1.769562,-0.217121,0.003491,-0.000000,-0.660734,-0.141760,0.360659,2.834948,-1.131381,-0.119448,-0.000000,0.000000,-0.000000,0.000000,0.000000,-0.000000,-0.778149,8.894458,-1.819227,-0.182444,-0.050960,-0.121096,-0.660742,-0.141761,0.360674,2.834949,-1.131360,-0.119534,-0.000002,0.000009,-0.000001,-0.000001,0.000000,-0.000014,0,30.750000,32.500000,30.750000,35.500000,38.250000,39.250000,0.781320,7,253,253,253,253,253,253,1,-0.268151,0.919373,-9.538500,1.000000,1.000000,0.000059,47.714649,47.738827,0.444237,47.527599,47.627930,47.556267,47.427269,47.384270,47.541931,0,2,-0.000000,-0.000000,0.004000,0.004000,3,1,2067.249448,826.036875,26129.262417,1.557935,-53.513749,25.047839,0.000000,0.000000,0.000000,0.000000,0.000000,0.000000,0.000000,0.000000,0.000000,0.000000,65536,0,0,0,0,0,0,0,0,0.000000,0.000000,0.000000,0.000000,0.000000,0.000000,0.000000,0.000000
6239.711000,0.004189,-1.151917,1.413717,-1.937315,-1.518436,2.338741,-0.000006,-0.000000,0.000002,-0.000002,0.000000,0.000000,0.000114,0.000003,-0.000032,0.000031,-0.000004,0.000000,-0.000471,-3.294080,-1.769773,-0.217073,0.003483,-0.000000,0.000425,-36.527676,-19.704563,-1.875562,0.029227,-0.000000,0.004171,-1.151923,1.413730,-1.937300,-1.518435,2.338747,0.000000,0.000000,-0.000000,0.000000,-0.000000,0.000000,0.426936,-3.642007,-2.046854,-0.176524,-0.005408,-0.015181,-0.000471,-3.294080,-1.769773,-0.217073,0.003483,-0.000000,-0.660739,-0.141748,0.360670,2.834943,-1.131399,-0.119502,0.000000,-0.000000,-0.000000,0.000000,0.000000,0.000000,-1.206426,8.924883,-2.044979,-0.183276,-0.054715,-0.119722,-0.660742,-0.141760,0.360674,2.834948,-1.131361,-0.119534,-0.000001,0.000004,-0.000001,-0.000000,0.000000,-0.000006,0,30.750000,32.500000,30.750000,35.250000,38.250000,39.250000,0.794364,7,253,253,253,253,253,253,1,-0.153229,1.110910,-9.442732,1.000000,1.000000,0.000027,47.693153,47.725395,0.379340,47.484600,47.599262,47.484600,47.369938,47.384270,47.513268,0,2,-0.000000,-0.000000,0.004000,0.004000,3,1,2066.927948,826.282635,26129.530030,1.559873,-53.510320,25.046760,0.000000,0.000000,0.000000,0.000000,0.000000,0.000000,0.000000,0.000000,0.000000,0.000000,65536,0,0,0,0,0,0,0,0,0.000000,0.000000,0.000000,0.000000,0.000000,0.000000,0.000000,0.000000
6239.761000,0.004189,-1.151917,1.413717,-1.937315,-1.518436,2.338741,-0.000002,-0.000000,0.000001,-0.000001,0.000000,0.000000,0.000054,0.000001,-0.000015,0.000015,-0.000002,0.000000,-0.000174,-3.294016,-1.769887,-0.217048,0.003480,-0.000000,0.000202,-36.527144,-19.704598,-1.875566,0.029225,-0.000000,0.004190,-1.151912,1.413730,-1.937300,-1.518416,2.338731,0.000000,0.000000,-0.000000,0.000000,-0.000000,0.000000,0.371748,-3.583681,-2.052307,-0.184852,0.007804,-0.034339,-0.000174,-3.294016,-1.769887,-0.217048,0.003480,-0.000000,-0.660739,-0.141763,0.360663,2.834951,-1.131343,-0.119475,0.000000,0.000000,0.000000,0.000000,0.000000,0.000000,-1.238531,8.898205,-1.896556,-0.182247,-0.059508,-0.124011,-0.660742,-0.141760,0.360674,2.834948,-1.131361,-0.119534,-0.000000,0.000002,-0.000000,-0.000000,0.000000,-0.000002,0,30.750000,32.500000,30.750000,35.250000,38.250000,39.250000,0.803413,7,253,253,253,253,253,253,1,-0.114922,1.110910,-9.404425,1.000000,1.000000,0.000010,47.695843,47.706589,0.390530,47.484600,47.570599,47.513268,47.398605,47.384270,47.484600,0,2,-0.000000,-0.000000,0.004000,0.004000,3,1,2066.917261,826.339813,26129.387154,1.564087,-53.508033,25.051158,0.000000,0.000000,0.000000,0.000000,0.000000,0.000000,0.000000,0.000000,0.000000,0.000000,65536,0,0,0,0,0,0,0,0,0.000000,0.000000,0.000000,0.000000,0.000000,0.000000,0.000000,0.000000
6239.811000,0.004189,-1.151917,1.413717,-1.937315,-1.518436,2.338741,-0.000001,-0.000000,0.000000,-0.000000,0.000000,0.000000,0.000021,0.000001,-0.000006,0.000006,-0.000001,0.000000,-0.000046,-3.294050,-1.769937,-0.217037,0.003478,-0.000000,0.000079,-36.527601,-19.704603,-1.875573,0.029215,-0.000000,0.004186,-1.151897,1.413709,-1.937285,-1.518416,2.338750,0.000000,0.000000,-0.000000,0.000000,-0.000000,0.000000,0.427137,-3.627733,-2.076034,-0.171076,-0.005412,-0.016140,-0.000046,-3.294050,-1.769937,-0.217037,0.003478,-0.000000,-0.660745,-0.141761,0.360661,2.834942,-1.131378,-0.119460,0.000000,0.000000,0.000000,0.000000,0.000000,0.000000,-1.269952,8.870139,-1.859757,-0.183602,-0.058069,-0.116907,-0.660742,-0.141760,0.360674,2.834948,-1.131361,-0.119534,-0.000000,0.000000,-0.000000,-0.000000,0.000000,-0.000001,0,30.750000,32.500000,30.750000,35.250000,38.250000,39.250000,0.804768,7,253,253,253,253,253,253,1,-0.248997,0.900220,-9.500193,1.000000,1.000000,0.000003,47.734348,47.724499,0.444237,47.484600,47.613598,47.527599,47.441601,47.398605,47.527599,0,2,-0.000000,-0.000000,0.004000,0.004000,3,1,2066.912242,826.385756,26129.355338,1.561831,-53.507366,25.044169,0.000000,0.000000,0.000000,0.000000,0.000000,0.000000,0.000000,0.000000,0.000000,0.000000,65536,0,0,0,0,0,0,0,0,0.000000,0.000000,0.000000,0.000000,0.000000,0.000000,0.000000,0.000000
